host,"last_reported_time","_indextime","_kv","_raw","_serial","_sourcetype","__mv_host","__mv_last_reported_time","__mv__indextime","__mv__kv","__mv__raw","__mv__serial","__mv__sourcetype"
"10.32.3.126",1378365543,1378365543,1,"Sep  5 09:19:03 10.32.3.126 31268: Sep  5 09:19:02.368: %SEC-6-IPACCESSLOGP: list TEK-OUT permitted tcp 10.35.18.205(54258) -> 10.35.18.21(80), 1 packet",0,"cisco:ios",,,,,,,
"sbe-3500-10899-sw-01.eiendom.statsbygg.pro",1378365542,1378365542,1,"Sep  5 09:19:02 sbe-3500-10899-sw-01.eiendom.statsbygg.pro 2645466: Sep  5 09:19:01.321 CEST: %SEC-6-IPACCESSLOGP: list TEK-OUT permitted tcp 10.35.82.202(3698) -> 10.35.82.21(80), 1 packet",1,"cisco:ios",,,,,,,
"sbe-2476-7973-sw-01.eiendom.statsbygg.pro",1378365540,1378365541,1,"Sep  5 09:19:00 sbe-2476-7973-sw-01.eiendom.statsbygg.pro 1882610: 1882607: Sep  5 09:18:59.474: %SEC-6-IPACCESSLOGP: list TEK-OUT permitted tcp 10.35.8.34(29755) -> 10.35.10.25(80), 1 packet",4,"cisco:ios",,,,,,,
"sbe-802-1943-sw-01.eiendom.statsbygg.pro",1378365540,1378365540,1,"Sep  5 09:19:00 sbe-802-1943-sw-01.eiendom.statsbygg.pro 1923762: Sep  5 09:18:59.497 CEST: %SEC-6-IPACCESSLOGP: list TEK-OUT permitted tcp 10.35.10.25(80) -> 10.35.8.34(29755), 1 packet",5,"cisco:ios",,,,,,,
"sbe-2643-8684-sw-01.eiendom.statsbygg.pro",1378365532,1378365532,1,"Sep  5 09:18:52 sbe-2643-8684-sw-01.eiendom.statsbygg.pro 1728: Sep  5 09:18:52.052 CEST: %LINK-3-UPDOWN: Interface FastEthernet0/1, changed state to down",15,"cisco:ios",,,,,,,
"sbe-2570-13432-sw-01.eiendom.statsbygg.pro",1378365529,1378365530,1,"Sep  5 09:18:49 sbe-2570-13432-sw-01.eiendom.statsbygg.pro 31818: 031814: Sep  5 09:18:48.513 CEST: %SEC-6-IPACCESSLOGP: list TEK-OUT permitted tcp 10.36.36.21(4173) -> 10.36.34.25(2499), 51 packets",23,"cisco:ios",,,,,,,
"hk-sw-6w.statsbygg.pro",1378365528,1378365529,1,"Sep  5 09:18:48 hk-sw-6w.statsbygg.pro 72557: Sep  5 09:18:47.189 CEST: %LINEPROTO-5-UPDOWN: Line protocol on Interface FastEthernet1/0/25, changed state to up",24,"cisco:ios",,,,,,,
"sbe-3481-d202-sw-01.eiendom.statsbygg.pro",1378365527,1378365528,1,"Sep  5 09:18:47 sbe-3481-d202-sw-01.eiendom.statsbygg.pro 327693: Sep  5 09:18:46.905: %SEC-6-IPACCESSLOGP: list TEK-OUT permitted udp 172.24.220.1(123) -> 10.36.10.8(123), 15 packets",26,"cisco:ios",,,,,,,
"sbe-477-1265-sw-01.eiendom.statsbygg.pro",1378365526,1378365527,1,"Sep  5 09:18:46 sbe-477-1265-sw-01.eiendom.statsbygg.pro 48803: Sep  5 09:18:45.578 CEST: %SEC-6-IPACCESSLOGP: list TEK-OUT permitted tcp 77.242.192.194(80) -> 10.35.54.21(50746), 1 packet",29,"cisco:ios",,,,,,,
"pk-vt-sw-02.statsbygg.pro",1378365514,1378365523,1,"Sep  5 09:18:34 pk-vt-sw-02.statsbygg.pro 22417: Sep  5 09:18:34.517 CEST: %LINEPROTO-5-UPDOWN: Line protocol on Interface GigabitEthernet1/0/14, changed state to up",45,"cisco:ios",,,,,,,
"sbe-468-1233-sw-01.eiendom.statsbygg.pro",1378365514,1378365521,1,"Sep  5 09:18:34 sbe-468-1233-sw-01.eiendom.statsbygg.pro 187075: Sep  5 09:18:33.497 CEST: %SEC-6-IPACCESSLOGP: list TEK-OUT permitted tcp 10.35.32.26(502) -> 10.35.42.36(1315), 1 packet",48,"cisco:ios",,,,,,,
"sbe-13894-13583-sw-01.eiendom.statsbygg.pro",1378365514,1378365520,1,"Sep  5 09:18:34 sbe-13894-13583-sw-01.eiendom.statsbygg.pro 138726: Sep  5 09:18:33.493 CEST: %SEC-6-IPACCESSLOGP: list TEK-OUT permitted tcp 10.35.42.36(1315) -> 10.35.32.26(502), 1 packet",50,"cisco:ios",,,,,,,
"sbe-564-1741-sw-01.eiendom.statsbygg.pro",1378365512,1378365521,1,"Sep  5 09:18:32 sbe-564-1741-sw-01.eiendom.statsbygg.pro 157376: 101787: Sep  5 09:18:32.508 CEST: %SYS-2-MALLOCFAIL: Memory allocation of 65536 bytes failed from 0x1442328, alignment 0 ",55,"cisco:ios",,,,,,,
"hk-sw-8n.statsbygg.pro",1378365504,1378365520,1,"Sep  5 09:18:24 hk-sw-8n.statsbygg.pro 402420: Sep  5 09:18:24.403 CEST: %LINK-3-UPDOWN: Interface FastEthernet2/0/29, changed state to down",70,"cisco:ios",,,,,,,
"sbe-13835-16-sw-01.eiendom.statsbygg.pro",1378365502,1378365520,1,"Sep  5 09:18:22 sbe-13835-16-sw-01.eiendom.statsbygg.pro 12588: 012584: Sep  5 09:18:21.046 CEST: %SEC-6-IPACCESSLOGP: list TEK-OUT permitted tcp 10.36.34.25(2499) -> 10.36.36.21(4173), 60 packets",76,"cisco:ios",,,,,,,
"sbe-170-508-sw-01.eiendom.statsbygg.pro",1378365499,1378365520,1,"Sep  5 09:18:19 sbe-170-508-sw-01.eiendom.statsbygg.pro 28347: Sep  5 09:18:18.683 CEST: %SEC-6-IPACCESSLOGP: list USERS-OUT denied udp 10.36.15.21(1061) -> 10.36.15.240(161), 60 packets",82,"cisco:ios",,,,,,,
"sbe-2590-12096-sw-01.eiendom.statsbygg.pro",1378365492,1378365492,1,"Sep  5 09:18:12 sbe-2590-12096-sw-01.eiendom.statsbygg.pro 4493: Sep  5 09:18:11.442: %SEC-6-IPACCESSLOGP: list USERS-OUT denied udp 208.46.117.173(3478) -> 10.36.60.202(61033), 2 packets",98,"cisco:ios",,,,,,,
"pk-vt-fhi-sw-02.statsbygg.pro",1378365470,1378365472,1,"Sep  5 09:17:50 pk-vt-fhi-sw-02.statsbygg.pro 29786: Sep  5 09:17:50.358 CEST: %LINEPROTO-5-UPDOWN: Line protocol on Interface GigabitEthernet1/0/26, changed state to up",132,"cisco:ios",,,,,,,
"hk-sw-8s.statsbygg.pro",1378365461,1378365464,1,"Sep  5 09:17:41 hk-sw-8s.statsbygg.pro 73507: Sep  5 09:17:40.683 CEST: %AUTHMGR-5-FAIL: Authorization failed for client (Unknown MAC) on Interface Fa1/0/6 AuditSessionID 00000000000000653CF74645",153,"cisco:ios",,,,,,,
"10.32.3.70",1378365393,1378365393,1,"Sep  5 09:16:33 10.32.3.70 3360: Sep  5 09:16:32.243: %SMI-3-SMI_CLIENT_BACKUP_FAILURE: Client Device startup configuration backup fail on repository",255,"cisco:ios",,,,,,,
"sbe-89-215-sw-01.eiendom.statsbygg.pro",1378365361,1378365362,1,"Sep  5 09:16:01 sbe-89-215-sw-01.eiendom.statsbygg.pro 38479: Sep  5 09:16:00.576 CEST: %SEC-6-IPACCESSLOGP: list TEK-OUT permitted udp 172.24.220.1(123) -> 10.35.3.2(123), 7 packets",306,"cisco:ios",,,,,,,
"hk-bsw-01.statsbygg.pro",1378365352,1378365352,1,"Sep  5 09:15:52 hk-bsw-01.statsbygg.pro 133299: Sep  5 09:15:46.964 CEST: %PLATFORM_ENV-1-PWR_RPS: Redundant power supply faulty or in standby mode (HK-BSW-01-2)",322,"cisco:ios",,,,,,,
"sbe-3481-b009-sw-09.eiendom.statsbygg.pro",1378365347,1378365348,1,"Sep  5 09:15:47 sbe-3481-b009-sw-09.eiendom.statsbygg.pro 32085: Sep  5 09:15:47.949: %LINEPROTO-5-UPDOWN: Line protocol on Interface FastEthernet0/2, changed state to up",329,"cisco:ios",,,,,,,
"hk-sw-5w.statsbygg.pro",1378365342,1378365344,1,"Sep  5 09:15:42 hk-sw-5w.statsbygg.pro 90660: Sep  5 09:15:41.822 CEST: %LINEPROTO-5-UPDOWN: Line protocol on Interface FastEthernet4/0/13, changed state to up",342,"cisco:ios",,,,,,,
"sbe-3569-11176-sw-01.eiendom.statsbygg.pro",1378365318,1378365319,1,"Sep  5 09:15:18 sbe-3569-11176-sw-01.eiendom.statsbygg.pro 20425: Sep  5 09:15:17.430 CEST: %SMI-3-SMI_CLIENT_BACKUP_FAILURE: Client Device startup configuration backup fail on repository",383,"cisco:ios",,,,,,,
"sbe-64-63-sw-01.eiendom.statsbygg.pro",1378365279,1378365279,1,"Sep  5 09:14:39 sbe-64-63-sw-01.eiendom.statsbygg.pro 39155: 039151: Sep  5 09:14:38.158 CEST: %SMI-3-SMI_CLIENT_BACKUP_FAILURE: Client Device startup configuration backup fail on repository",458,"cisco:ios",,,,,,,
"hk-sw-7e.statsbygg.pro",1378365260,1378365261,1,"Sep  5 09:14:20 hk-sw-7e.statsbygg.pro 24625: Sep  5 09:14:19.281 CEST: %LINEPROTO-5-UPDOWN: Line protocol on Interface FastEthernet2/0/26, changed state to up",486,"cisco:ios",,,,,,,
"sbe-91-220-sw-01.eiendom.statsbygg.pro",1378365247,1378365247,1,"Sep  5 09:14:07 sbe-91-220-sw-01.eiendom.statsbygg.pro 19369: Sep  5 09:14:06.622 CEST: %SEC-6-IPACCESSLOGP: list TEK-OUT permitted tcp 172.24.152.32(49286) -> 10.35.95.21(1911), 2378 packets",515,"cisco:ios",,,,,,,
"sbe-637-1722-sw-01.eiendom.statsbygg.pro",1378365190,1378365193,1,"Sep  5 09:13:10 sbe-637-1722-sw-01.eiendom.statsbygg.pro 151552: Sep  5 09:13:09.803 CEST: %SEC-6-IPACCESSLOGP: list TEK-OUT permitted tcp 10.35.13.201(2967) -> 10.35.64.25(502), 1491 packets",608,"cisco:ios",,,,,,,
"hk-sw-6e.statsbygg.pro",1378365158,1378365159,1,"Sep  5 09:12:38 hk-sw-6e.statsbygg.pro 83727: Sep  5 09:12:38.894 CEST: %LINEPROTO-5-UPDOWN: Line protocol on Interface FastEthernet2/0/44, changed state to up",673,"cisco:ios",,,,,,,
"sbe-802-1943-sw-02.eiendom.statsbygg.pro",1378365125,1378365126,1,"Sep  5 09:12:05 sbe-802-1943-sw-02.eiendom.statsbygg.pro 17622: Sep  5 09:12:04.799 CEST: %SMI-3-SMI_CLIENT_BACKUP_FAILURE: Client Device startup configuration backup fail on repository",733,"cisco:ios",,,,,,,
"sbe-14206-13437-sw-01.eiendom.statsbygg.pro",1378365084,1378365086,1,"Sep  5 09:11:24 sbe-14206-13437-sw-01.eiendom.statsbygg.pro 66: 000062: Sep  5 09:11:24.499 CEST: %LINEPROTO-5-UPDOWN: Line protocol on Interface FastEthernet0/2, changed state to up",793,"cisco:ios",,,,,,,
"10.32.3.118",1378365007,1378365008,1,"Sep  5 09:10:07 10.32.3.118 10537: Sep  5 09:10:06.699: %SMI-3-SMI_CLIENT_BACKUP_FAILURE: Client Device startup configuration backup fail on repository",915,"cisco:ios",,,,,,,
"sbe-2565-9999-sw-01.eiendom.statsbygg.pro",1378365000,1378365001,1,"Sep  5 09:10:00 sbe-2565-9999-sw-01.eiendom.statsbygg.pro 21793: 021790: Sep  5 09:10:00.937 CEST: %LINEPROTO-5-UPDOWN: Line protocol on Interface GigabitEthernet1/0/3, changed state to up",928,"cisco:ios",,,,,,,
"hk-sw-7w.statsbygg.pro",1378364984,1378364986,1,"Sep  5 09:09:44 hk-sw-7w.statsbygg.pro 52010: Sep  5 09:09:43.603 CEST: %LINEPROTO-5-UPDOWN: Line protocol on Interface FastEthernet3/0/2, changed state to up",959,"cisco:ios",,,,,,,
"sbe-159-14006-sw-01.eiendom.statsbygg.pro",1378364984,1378364985,1,"Sep  5 09:09:44 sbe-159-14006-sw-01.eiendom.statsbygg.pro 21811: Sep  5 09:09:43.422 CEST: %SEC-6-IPACCESSLOGP: list TEK-OUT permitted udp 10.32.0.201(123) -> 10.35.24.44(123), 1 packet",961,"cisco:ios",,,,,,,
"pk-hib-sw02.statsbygg.pro",1378364945,1378364947,1,"Sep  5 09:09:05 pk-hib-sw02.statsbygg.pro 7644: Sep  5 09:09:04.253 CEST: %LINEPROTO-5-UPDOWN: Line protocol on Interface FastEthernet0/27, changed state to up",1040,"cisco:ios",,,,,,,
"sbe-3571-11102-sw-01.eiendom.statsbygg.pro",1378364936,1378364936,1,"Sep  5 09:08:56 sbe-3571-11102-sw-01.eiendom.statsbygg.pro 11983: Sep  5 09:08:55.549 CEST: %SMI-3-SMI_CLIENT_BACKUP_FAILURE: Client Device startup configuration backup fail on repository",1059,"cisco:ios",,,,,,,
"sbe-467-1216-sw-01.eiendom.statsbygg.pro",1378364898,1378364899,1,"Sep  5 09:08:18 sbe-467-1216-sw-01.eiendom.statsbygg.pro 13593: Sep  5 09:08:17.348 CEST: %SMI-3-SMI_CLIENT_BACKUP_FAILURE: Client Device startup configuration backup fail on repository",1124,"cisco:ios",,,,,,,
"sbe-272-558-sw-01.eiendom.statsbygg.pro",1378364881,1378364881,1,"Sep  5 09:08:01 sbe-272-558-sw-01.eiendom.statsbygg.pro 29148: 029146: Sep  5 09:08:00.827 CEST: %SMI-3-SMI_CLIENT_BACKUP_FAILURE: Client Device startup configuration backup fail on repository",1163,"cisco:ios",,,,,,,
"sbe-14350-13929-sw-01.eiendom.statsbygg.pro",1378364847,1378364848,1,"Sep  5 09:07:27 sbe-14350-13929-sw-01.eiendom.statsbygg.pro 8973: 008969: Sep  5 09:07:26.342 CEST: %SMI-3-SMI_CLIENT_BACKUP_FAILURE: Client Device startup configuration backup fail on repository",1227,"cisco:ios",,,,,,,
"sbe-281-1679-sw-01.eiendom.statsbygg.pro",1378364792,1378364792,1,"Sep  5 09:06:32 sbe-281-1679-sw-01.eiendom.statsbygg.pro 17467: Sep  5 09:06:31.445 CEST: %SMI-3-SMI_CLIENT_BACKUP_FAILURE: Client Device startup configuration backup fail on repository",1331,"cisco:ios",,,,,,,
"pk-vt-fhi-sw-01.statsbygg.pro",1378364788,1378364791,1,"Sep  5 09:06:28 pk-vt-fhi-sw-01.statsbygg.pro 33350: Sep  5 09:06:28.709 CEST: %LINEPROTO-5-UPDOWN: Line protocol on Interface GigabitEthernet1/0/17, changed state to up",1335,"cisco:ios",,,,,,,
"rg-sw-w.statsbygg.pro",1378364767,1378364769,1,"Sep  5 09:06:07 rg-sw-w.statsbygg.pro 29552: Sep  5 09:06:07.201 CEST: %LINEPROTO-5-UPDOWN: Line protocol on Interface FastEthernet2/0/6, changed state to up",1365,"cisco:ios",,,,,,,
"hk-sw-5e.statsbygg.pro",1378364744,1378364746,1,"Sep  5 09:05:44 hk-sw-5e.statsbygg.pro 8797: Sep  5 09:05:44.752 CEST: %LINEPROTO-5-UPDOWN: Line protocol on Interface GigabitEthernet1/0/18, changed state to up",1422,"cisco:ios",,,,,,,
"hk-sw-8e.statsbygg.pro",1378364683,1378364684,1,"Sep  5 09:04:43 hk-sw-8e.statsbygg.pro 304039: Sep  5 09:04:42.809 CEST: %LINEPROTO-5-UPDOWN: Line protocol on Interface FastEthernet2/0/29, changed state to up",1536,"cisco:ios",,,,,,,
"sbe-3528-1101-sw-01.eiendom.statsbygg.pro",1378364658,1378364658,1,"Sep  5 09:04:18 sbe-3528-1101-sw-01.eiendom.statsbygg.pro 25906: Sep  5 09:04:17.256 CEST: %SMI-3-SMI_CLIENT_BACKUP_FAILURE: Client Device startup configuration backup fail on repository",1583,"cisco:ios",,,,,,,
"10.32.3.150",1378364637,1378364638,1,"Sep  5 09:03:57 10.32.3.150 1191: Sep  5 09:03:56.960: %SMI-3-SMI_CLIENT_BACKUP_FAILURE: Client Device startup configuration backup fail on repository",1623,"cisco:ios",,,,,,,
"pk-hib-sw01.statsbygg.pro",1378364508,1378364508,1,"Sep  5 09:01:48 pk-hib-sw01.statsbygg.pro 3441: Sep  5 09:01:48.747 CEST: %LINK-3-UPDOWN: Interface GigabitEthernet0/1, changed state to down",1860,"cisco:ios",,,,,,,
"rg-sw-m.statsbygg.pro",1378364457,1378364457,1,"Sep  5 09:00:57 rg-sw-m.statsbygg.pro 13652: Sep  5 09:00:57.020 CEST: %LINK-3-UPDOWN: Interface FastEthernet2/0/6, changed state to down",1973,"cisco:ios",,,,,,,
"sbe-58-26-sw-01.eiendom.statsbygg.pro",1378364353,1378364354,1,"Sep  5 08:59:13 sbe-58-26-sw-01.eiendom.statsbygg.pro 5956: 006420: Sep  5 08:59:12.817: %SMI-3-SMI_CLIENT_BACKUP_FAILURE: Client Device startup configuration backup fail on repository",2134,"cisco:ios",,,,,,,
"sbe-468-1234-sw-02.eiendom.statsbygg.pro",1378364277,1378364278,1,"Sep  5 08:57:57 sbe-468-1234-sw-02.eiendom.statsbygg.pro 10870: Sep  5 08:57:56.943 CEST: %SMI-3-SMI_CLIENT_BACKUP_FAILURE: Client Device startup configuration backup fail on repository",2295,"cisco:ios",,,,,,,
"sbe-56-24-sw-01.eiendom.statsbygg.pro",1378364245,1378364246,1,"Sep  5 08:57:25 sbe-56-24-sw-01.eiendom.statsbygg.pro 694: 000692: Sep  5 08:57:24.810: %SMI-3-SMI_CLIENT_BACKUP_FAILURE: Client Device startup configuration backup fail on repository",2341,"cisco:ios",,,,,,,
"sbe-158-417-sw-01.eiendom.statsbygg.pro",1378364213,1378364213,1,"Sep  5 08:56:53 sbe-158-417-sw-01.eiendom.statsbygg.pro 16497: Sep  5 08:56:52.070 CEST: %SMI-3-SMI_CLIENT_BACKUP_FAILURE: Client Device startup configuration backup fail on repository",2410,"cisco:ios",,,,,,,
"sbe-600-1653-sw-01.eiendom.statsbygg.pro",1378364064,1378364065,1,"Sep  5 08:54:24 sbe-600-1653-sw-01.eiendom.statsbygg.pro 27165: Sep  5 08:54:23.627 CEST: %SMI-3-SMI_CLIENT_BACKUP_FAILURE: Client Device startup configuration backup fail on repository",2673,"cisco:ios",,,,,,,
"sbe-492-1346-sw-01.eiendom.statsbygg.pro",1378364019,1378364020,1,"Sep  5 08:53:39 sbe-492-1346-sw-01.eiendom.statsbygg.pro 22480: Sep  5 08:53:38.830 CEST: %SMI-3-SMI_CLIENT_BACKUP_FAILURE: Client Device startup configuration backup fail on repository",2756,"cisco:ios",,,,,,,
"10.32.1.182",1378363937,1378363938,1,"Sep  5 08:52:17 10.32.1.182 5209: 005206: Sep  5 08:52:16.771: %SMI-3-SMI_CLIENT_BACKUP_FAILURE: Client Device startup configuration backup fail on repository",2899,"cisco:ios",,,,,,,
"sbe-2568-8370-sw-01.eiendom.statsbygg.pro",1378363911,1378363912,1,"Sep  5 08:51:51 sbe-2568-8370-sw-01.eiendom.statsbygg.pro 1200: Sep  5 08:51:50.946 CEST: %SMI-3-SMI_CLIENT_BACKUP_FAILURE: Client Device startup configuration backup fail on repository",2963,"cisco:ios",,,,,,,
"sbe-377-1032-sw-01.eiendom.statsbygg.pro",1378363831,1378363832,1,"Sep  5 08:50:31 sbe-377-1032-sw-01.eiendom.statsbygg.pro 23465: Sep  5 08:50:30.590 CEST: %SMI-3-SMI_CLIENT_BACKUP_FAILURE: Client Device startup configuration backup fail on repository",3141,"cisco:ios",,,,,,,
"sbe-68-71-sw-01.eiendom.statsbygg.pro",1378363829,1378363830,1,"Sep  5 08:50:29 sbe-68-71-sw-01.eiendom.statsbygg.pro 38644: Sep  5 08:50:28.986 CEST: %SMI-3-SMI_CLIENT_BACKUP_FAILURE: Client Device startup configuration backup fail on repository",3149,"cisco:ios",,,,,,,
"pk-vt-sw-01.statsbygg.pro",1378363672,1378363672,1,"Sep  5 08:47:52 pk-vt-sw-01.statsbygg.pro 4995: Sep  5 08:47:52.044 CEST: %LINK-3-UPDOWN: Interface GigabitEthernet1/0/19, changed state to down",3455,"cisco:ios",,,,,,,
"10.32.3.46",1378363504,1378363504,1,"Sep  5 08:45:04 10.32.3.46 36: Sep  5 08:45:03.991: %LINEPROTO-5-UPDOWN: Line protocol on Interface FastEthernet0/2, changed state to up",3817,"cisco:ios",,,,,,,
"sbe-3481-studhus-sw-10.eiendom.statsbygg.pro",1378363281,1378363281,1,"Sep  5 08:41:21 sbe-3481-studhus-sw-10.eiendom.statsbygg.pro 1737: Sep  5 08:41:21.182: %LINEPROTO-5-UPDOWN: Line protocol on Interface FastEthernet0/2, changed state to up",4242,"cisco:ios",,,,,,,
"sbe-2571-8402-sw-02.eiendom.statsbygg.pro",1378363184,1378363186,1,"Sep  5 08:39:44 sbe-2571-8402-sw-02.eiendom.statsbygg.pro 52530: Sep  5 08:39:43.934 CEST: %LINEPROTO-5-UPDOWN: Line protocol on Interface FastEthernet0/2, changed state to up",4454,"cisco:ios",,,,,,,
"hk-sw-8w.statsbygg.pro",1378363067,1378363069,1,"Sep  5 08:37:47 hk-sw-8w.statsbygg.pro 15795: Sep  5 08:37:46.803 CEST: %LINEPROTO-5-UPDOWN: Line protocol on Interface FastEthernet2/0/17, changed state to up",4647,"cisco:ios",,,,,,,
"sbe-173-525-sw-01.eiendom.statsbygg.pro",1378362245,1378362247,1,"Sep  5 08:24:05 sbe-173-525-sw-01.eiendom.statsbygg.pro 2890: 002886: Sep  5 08:24:04.947: %LINEPROTO-5-UPDOWN: Line protocol on Interface FastEthernet0/5, changed state to up",6220,"cisco:ios",,,,,,,
"hk-sw-provision.statsbygg.pro",1378361473,1378361474,1,"Sep  5 08:11:13 hk-sw-provision.statsbygg.pro 979: Sep  5 08:11:12.441 CEST: %SEC_LOGIN-5-LOGIN_SUCCESS: Login Success [user: lmsadmin] [Source: 172.24.201.123] [localport: 22] at 08:11:12 CEST Thu Sep 5 2013",7621,"cisco:ios",,,,,,,
"hk-sw-lab-01.statsbygg.pro",1378361472,1378361473,1,"Sep  5 08:11:12 hk-sw-lab-01.statsbygg.pro 2156: Sep  5 08:11:11.774 CEST: %SEC_LOGIN-5-LOGIN_SUCCESS: Login Success [user: lmsadmin] [Source: 172.24.201.123] [localport: 22] at 08:11:11 CEST Thu Sep 5 2013",7627,"cisco:ios",,,,,,,
"rg-sw-s.statsbygg.pro",1378361472,1378361473,1,"Sep  5 08:11:12 rg-sw-s.statsbygg.pro 1962: Sep  5 08:11:11.875 CEST: %SEC_LOGIN-5-LOGIN_SUCCESS: Login Success [user: lmsadmin] [Source: 172.24.201.123] [localport: 22] at 08:11:11 CEST Thu Sep 5 2013",7628,"cisco:ios",,,,,,,
"sbe-3481-pav14-sw-02.eiendom.statsbygg.pro",1378360054,1378360055,1,"Sep  5 07:47:34 sbe-3481-pav14-sw-02.eiendom.statsbygg.pro 19246: Sep  5 07:47:33.415: %LINEPROTO-5-UPDOWN: Line protocol on Interface FastEthernet0/6, changed state to up",10159,"cisco:ios",,,,,,,
"pk-yb-sw-02.statsbygg.pro",1378357709,1378357709,1,"Sep  5 07:08:29 pk-yb-sw-02.statsbygg.pro 2103: Sep  5 07:08:29.462 CEST: %LINEPROTO-5-UPDOWN: Line protocol on Interface GigabitEthernet1/0/1, changed state to up",13970,"cisco:ios",,,,,,,
"sbe-3558-11083-sw-01.eiendom.statsbygg.pro",1378354976,1378354978,1,"Sep  5 06:22:56 sbe-3558-11083-sw-01.eiendom.statsbygg.pro 4034: Sep  5 06:22:55.706 CEST: %LINEPROTO-5-UPDOWN: Line protocol on Interface FastEthernet0/11, changed state to up",17308,"cisco:ios",,,,,,,
"hk-wsw-01.statsbygg.pro",1378354288,1378354289,1,"Sep  5 06:11:28 hk-wsw-01.statsbygg.pro 3819: Sep  5 06:11:27.797 CEST: %SEC-6-IPACCESSLOGP: list SSH-MGMNT permitted tcp 172.24.201.127(28056) -> 0.0.0.0(22), 1 packet",18076,"cisco:ios",,,,,,,
"hk-dmz-01.statsbygg.pro",1378354283,1378354284,1,"Sep  5 06:11:23 hk-dmz-01.statsbygg.pro 8819: Sep  5 06:11:19.867 CEST: %SEC-6-IPACCESSLOGP: list SSH-MGMNT permitted tcp 172.24.201.127(33487) -> 0.0.0.0(22), 1 packet",18080,"cisco:ios",,,,,,,
"hk-ssw-02.statsbygg.pro",1378353977,1378353977,1,"Sep  5 06:06:17 hk-ssw-02.statsbygg.pro 17274: Sep  5 06:06:16.266 CEST: %SYS-5-PRIV_AUTH_PASS: Privilege level set to 1 by ncsadmin on vty0 (172.24.201.127)",18444,"cisco:ios",,,,,,,
"172.24.220.150",1378353964,1378353964,1,"Sep  5 06:06:04 172.24.220.150 5208: Sep  5 06:06:03.066 CEST: %SEC_LOGIN-5-LOGIN_SUCCESS: Login Success [user: ncsadmin] [Source: 172.24.201.127] [localport: 22] at 06:06:03 CEST Thu Sep 5 2013",18458,"cisco:ios",,,,,,,
"pk-vt-sw-03.statsbygg.pro",1378353964,1378353964,1,"Sep  5 06:06:04 pk-vt-sw-03.statsbygg.pro 1442: Sep  5 06:06:03.016 CEST: %SEC_LOGIN-5-LOGIN_SUCCESS: Login Success [user: ncsadmin] [Source: 172.24.201.127] [localport: 22] at 06:06:03 CEST Thu Sep 5 2013",18459,"cisco:ios",,,,,,,
"e7-wsw-01.statsbygg.pro",1378353964,1378353964,1,"Sep  5 06:06:04 e7-wsw-01.statsbygg.pro 51923: Sep  5 06:06:03.047 CEST: %SEC_LOGIN-5-LOGIN_SUCCESS: Login Success [user: ncsadmin] [Source: 172.24.201.127] [localport: 22] at 06:06:03 CEST Thu Sep 5 2013",18460,"cisco:ios",,,,,,,
"hk-sw-lab-03.statsbygg.pro",1378353964,1378353964,1,"Sep  5 06:06:04 hk-sw-lab-03.statsbygg.pro 1431: *Jun 22 22:42:00.787 CEST: %SEC_LOGIN-5-LOGIN_SUCCESS: Login Success [user: ncsadmin] [Source: 172.24.201.127] [localport: 22] at 22:42:00 CEST Tue Jun 22 1993",18461,"cisco:ios",,,,,,,
"sbe-14291-12088-sw-01.eiendom.statsbygg.pro",1378345733,1378345733,1,"Sep  5 03:48:53 sbe-14291-12088-sw-01.eiendom.statsbygg.pro 2179: 002175: Sep  5 03:48:52.057 CEST: %SEC-6-IPACCESSLOGP: list USERS-OUT permitted udp 172.24.150.98(55597) -> 10.35.52.240(161), 1 packet",27806,"cisco:ios",,,,,,,
"hk-ssw-03.statsbygg.pro",1378339510,1378339511,1,"Sep  5 02:05:10 hk-ssw-03.statsbygg.pro 4574: Sep  5 02:05:10.773 CEST: %LINEPROTO-5-UPDOWN: Line protocol on Interface GigabitEthernet3/0/5, changed state to up",34957,"cisco:ios",,,,,,,
"hk-ssw-01.statsbygg.pro",1378332626,1378332627,1,"Sep  5 00:10:26 hk-ssw-01.statsbygg.pro 2503: Sep  5 00:10:25.813 CEST: %SEC-6-IPACCESSLOGP: list SSH-MGMNT permitted tcp 172.24.201.127(45848) -> 0.0.0.0(23), 1 packet",42796,"cisco:ios",,,,,,,
"hk-csw.statsbygg.pro",1378332543,1378332544,1,"Sep  5 00:09:03 hk-csw.statsbygg.pro 6202: Sep  5 00:09:02.377 CEST: %SEC_LOGIN-5-LOGIN_SUCCESS: Login Success [user: arsw] [Source: 172.24.201.127] [localport: 23] at 00:09:02 CEST Thu Sep 5 2013",42909,"cisco:ios",,,,,,,
"e7-csw.statsbygg.pro",1378332508,1378332509,1,"Sep  5 00:08:28 e7-csw.statsbygg.pro 15817: Sep  5 00:08:27.376 CEST: %SEC-6-IPACCESSLOGP: list SSH-MGMNT permitted tcp 172.24.201.127(28244) -> 0.0.0.0(23), 1 packet",42953,"cisco:ios",,,,,,,
"pk-yb-sw-01.statsbygg.pro",1378332167,1378332167,1,"Sep  5 00:02:47 pk-yb-sw-01.statsbygg.pro 1014: Sep  5 00:02:46.504 CEST: %SEC_LOGIN-5-LOGIN_SUCCESS: Login Success [user: ncsadmin] [Source: 172.24.201.127] [localport: 23] at 00:02:46 CEST Thu Sep 5 2013",43374,"cisco:ios",,,,,,,
"e7-ssw-04.statsbygg.pro",1378332103,1378332103,1,"Sep  5 00:01:43 e7-ssw-04.statsbygg.pro 63926: Sep  5 00:01:39.144 CEST: %SEC_LOGIN-5-LOGIN_SUCCESS: Login Success [user: ncsadmin] [Source: 172.24.201.127] [localport: 23] at 00:01:39 CEST Thu Sep 5 2013",43481,"cisco:ios",,,,,,,
"e7-dmz-01.statsbygg.pro",1378332060,1378332061,1,"Sep  5 00:01:00 e7-dmz-01.statsbygg.pro 2152: Sep  5 00:00:59.516 CEST: %SEC_LOGIN-5-LOGIN_SUCCESS: Login Success [user: ncsadmin] [Source: 172.24.201.127] [localport: 23] at 00:00:59 CEST Thu Sep 5 2013",43592,"cisco:ios",,,,,,,
"sbe-3481-ka-u045-sw-24.eiendom.statsbygg.pro",1378330481,1378330481,1,"Sep  4 23:34:41 sbe-3481-ka-u045-sw-24.eiendom.statsbygg.pro 230: Sep  4 23:34:40.111: %SEC_LOGIN-5-LOGIN_SUCCESS: Login Success [user: lmsadmin] [Source: 172.24.201.123] [localport: 22] at 23:34:40 CEST Wed Sep 4 2013",45603,"cisco:ios",,,,,,,
"sbe-3481-ka-u012-sw-22.eiendom.statsbygg.pro",1378330480,1378330481,1,"Sep  4 23:34:40 sbe-3481-ka-u012-sw-22.eiendom.statsbygg.pro 348: Sep  4 23:34:39.936: %SEC_LOGIN-5-LOGIN_SUCCESS: Login Success [user: lmsadmin] [Source: 172.24.201.123] [localport: 22] at 23:34:39 CEST Wed Sep 4 2013",45607,"cisco:ios",,,,,,,
"sbe-3481-eal-124-sw-17.eiendom.statsbygg.pro",1378330446,1378330446,1,"Sep  4 23:34:06 sbe-3481-eal-124-sw-17.eiendom.statsbygg.pro 192: Sep  4 23:34:05.613: %SEC_LOGIN-5-LOGIN_SUCCESS: Login Success [user: lmsadmin] [Source: 172.24.201.123] [localport: 22] at 23:34:05 CEST Wed Sep 4 2013",45656,"cisco:ios",,,,,,,
"sbe-3481-a251a-sw-21.eiendom.statsbygg.pro",1378330444,1378330444,1,"Sep  4 23:34:04 sbe-3481-a251a-sw-21.eiendom.statsbygg.pro 90: Sep  4 23:34:03.493: %SEC_LOGIN-5-LOGIN_SUCCESS: Login Success [user: lmsadmin] [Source: 172.24.201.123] [localport: 22] at 23:34:03 CEST Wed Sep 4 2013",45660,"cisco:ios",,,,,,,
"sbe-3481-e385-sw-08.eiendom.statsbygg.pro",1378330444,1378330444,1,"Sep  4 23:34:04 sbe-3481-e385-sw-08.eiendom.statsbygg.pro 200: Sep  4 23:34:03.652: %SEC_LOGIN-5-LOGIN_SUCCESS: Login Success [user: lmsadmin] [Source: 172.24.201.123] [localport: 22] at 23:34:03 CEST Wed Sep 4 2013",45661,"cisco:ios",,,,,,,
"sbe-3481-c209-sw-07.eiendom.statsbygg.pro",1378330443,1378330443,1,"Sep  4 23:34:03 sbe-3481-c209-sw-07.eiendom.statsbygg.pro 97: Sep  4 23:34:02.424: %SEC_LOGIN-5-LOGIN_SUCCESS: Login Success [user: lmsadmin] [Source: 172.24.201.123] [localport: 22] at 23:34:02 CEST Wed Sep 4 2013",45665,"cisco:ios",,,,,,,
"sbe-3481-hgh-p206-sw-05.eiendom.statsbygg.pro",1378330442,1378330442,1,"Sep  4 23:34:02 sbe-3481-hgh-p206-sw-05.eiendom.statsbygg.pro 231: Sep  4 23:34:01.076: %SEC_LOGIN-5-LOGIN_SUCCESS: Login Success [user: lmsadmin] [Source: 172.24.201.123] [localport: 22] at 23:34:01 CEST Wed Sep 4 2013",45667,"cisco:ios",,,,,,,
"sbe-3481-mg075-sw-01.eiendom.statsbygg.pro",1378330441,1378330441,1,"Sep  4 23:34:01 sbe-3481-mg075-sw-01.eiendom.statsbygg.pro 1575: Sep  4 23:34:00.030: %SEC_LOGIN-5-LOGIN_SUCCESS: Login Success [user: lmsadmin] [Source: 172.24.201.123] [localport: 22] at 23:34:00 CEST Wed Sep 4 2013",45670,"cisco:ios",,,,,,,
"sbe-3481-k170-sw-19.eiendom.statsbygg.pro",1378330440,1378330440,1,"Sep  4 23:34:00 sbe-3481-k170-sw-19.eiendom.statsbygg.pro 1496: Sep  4 23:33:59.011: %SEC_LOGIN-5-LOGIN_SUCCESS: Login Success [user: lmsadmin] [Source: 172.24.201.123] [localport: 22] at 23:33:59 CEST Wed Sep 4 2013",45673,"cisco:ios",,,,,,,
"sbe-3481-hl-data-a242-sw-04.eiendom.statsbygg.pro",1378330440,1378330440,1,"Sep  4 23:34:00 sbe-3481-hl-data-a242-sw-04.eiendom.statsbygg.pro 72: Sep  4 23:33:59.229: %SEC_LOGIN-5-LOGIN_SUCCESS: Login Success [user: lmsadmin] [Source: 172.24.201.123] [localport: 22] at 23:33:59 CEST Wed Sep 4 2013",45674,"cisco:ios",,,,,,,
"sbe-3481-tjod-sw-14.eiendom.statsbygg.pro",1378330438,1378330438,1,"Sep  4 23:33:58 sbe-3481-tjod-sw-14.eiendom.statsbygg.pro 219: Sep  4 23:33:56.986: %SEC_LOGIN-5-LOGIN_SUCCESS: Login Success [user: lmsadmin] [Source: 172.24.201.123] [localport: 22] at 23:33:56 CEST Wed Sep 4 2013",45679,"cisco:ios",,,,,,,
"sbe-3481-s166-sw-03.eiendom.statsbygg.pro",1378330437,1378330438,1,"Sep  4 23:33:57 sbe-3481-s166-sw-03.eiendom.statsbygg.pro 261: Sep  4 23:33:56.899: %SEC_LOGIN-5-LOGIN_SUCCESS: Login Success [user: lmsadmin] [Source: 172.24.201.123] [localport: 22] at 23:33:56 CEST Wed Sep 4 2013",45680,"cisco:ios",,,,,,,
"sbe-3481-s184-sw-06.eiendom.statsbygg.pro",1378330436,1378330436,1,"Sep  4 23:33:56 sbe-3481-s184-sw-06.eiendom.statsbygg.pro 242: Sep  4 23:33:55.029: %SEC_LOGIN-5-LOGIN_SUCCESS: Login Success [user: lmsadmin] [Source: 172.24.201.123] [localport: 22] at 23:33:55 CEST Wed Sep 4 2013",45683,"cisco:ios",,,,,,,
"sbe-3481-sishallen-sw-13.eiendom.statsbygg.pro",1378330435,1378330435,1,"Sep  4 23:33:55 sbe-3481-sishallen-sw-13.eiendom.statsbygg.pro 389: Sep  4 23:33:54.832: %SEC_LOGIN-5-LOGIN_SUCCESS: Login Success [user: lmsadmin] [Source: 172.24.201.123] [localport: 22] at 23:33:54 CEST Wed Sep 4 2013",45687,"cisco:ios",,,,,,,
"sbe-3481-o214-sw-11.eiendom.statsbygg.pro",1378330434,1378330434,1,"Sep  4 23:33:54 sbe-3481-o214-sw-11.eiendom.statsbygg.pro 218: Sep  4 23:33:53.019: %SEC_LOGIN-5-LOGIN_SUCCESS: Login Success [user: lmsadmin] [Source: 172.24.201.123] [localport: 22] at 23:33:53 CEST Wed Sep 4 2013",45689,"cisco:ios",,,,,,,
"sbe-3481-v217-sw-12.eiendom.statsbygg.pro",1378330433,1378330434,1,"Sep  4 23:33:53 sbe-3481-v217-sw-12.eiendom.statsbygg.pro 170: Sep  4 23:33:52.828: %SEC_LOGIN-5-LOGIN_SUCCESS: Login Success [user: lmsadmin] [Source: 172.24.201.123] [localport: 22] at 23:33:52 CEST Wed Sep 4 2013",45692,"cisco:ios",,,,,,,
"sbe-3481-ka-123-sw-16.eiendom.statsbygg.pro",1378330432,1378330432,1,"Sep  4 23:33:52 sbe-3481-ka-123-sw-16.eiendom.statsbygg.pro 490: Sep  4 23:33:51.089: %SEC_LOGIN-5-LOGIN_SUCCESS: Login Success [user: lmsadmin] [Source: 172.24.201.123] [localport: 22] at 23:33:51 CEST Wed Sep 4 2013",45697,"cisco:ios",,,,,,,
"sbe-3481-ka-s042-sw-20.eiendom.statsbygg.pro",1378330431,1378330432,1,"Sep  4 23:33:51 sbe-3481-ka-s042-sw-20.eiendom.statsbygg.pro 187: Sep  4 23:33:50.872: %SEC_LOGIN-5-LOGIN_SUCCESS: Login Success [user: lmsadmin] [Source: 172.24.201.123] [localport: 22] at 23:33:50 CEST Wed Sep 4 2013",45698,"cisco:ios",,,,,,,
"sbe-89-215-sw-02.eiendom.statsbygg.pro",1378330424,1378330424,1,"Sep  4 23:33:44 sbe-89-215-sw-02.eiendom.statsbygg.pro 152: Sep  4 23:33:43.291 CEST: %SEC_LOGIN-5-LOGIN_SUCCESS: Login Success [user: lmsadmin] [Source: 172.24.201.123] [localport: 22] at 23:33:43 CEST Wed Sep 4 2013",45712,"cisco:ios",,,,,,,
"sbe-14658-14553-sw-01.eiendom.statsbygg.pro",1378330243,1378330244,1,"Sep  4 23:30:43 sbe-14658-14553-sw-01.eiendom.statsbygg.pro 4524: Sep  4 23:30:42.237 CEST: %SEC_LOGIN-5-LOGIN_SUCCESS: Login Success [user: lmsadmin] [Source: 172.24.201.123] [localport: 22] at 23:30:42 CEST Wed Sep 4 2013",45943,"cisco:ios",,,,,,,
"sbe-3539-11089-sw-01.eiendom.statsbygg.pro",1378330225,1378330226,1,"Sep  4 23:30:25 sbe-3539-11089-sw-01.eiendom.statsbygg.pro 1185: Sep  4 23:30:24.291 CEST: %SEC_LOGIN-5-LOGIN_SUCCESS: Login Success [user: lmsadmin] [Source: 172.24.201.123] [localport: 22] at 23:30:24 CEST Wed Sep 4 2013",45973,"cisco:ios",,,,,,,
"sbe-13865-13319-sw-01.eiendom.statsbygg.pro",1378330219,1378330219,1,"Sep  4 23:30:19 sbe-13865-13319-sw-01.eiendom.statsbygg.pro 119: Sep  4 23:30:18.241 CEST: %SEC_LOGIN-5-LOGIN_SUCCESS: Login Success [user: lmsadmin] [Source: 172.24.201.123] [localport: 22] at 23:30:18 CEST Wed Sep 4 2013",45986,"cisco:ios",,,,,,,
"sbe-13882-12327-sw-01.eiendom.statsbygg.pro",1378330218,1378330218,1,"Sep  4 23:30:18 sbe-13882-12327-sw-01.eiendom.statsbygg.pro 614: Sep  4 23:30:17.921 CEST: %SEC_LOGIN-5-LOGIN_SUCCESS: Login Success [user: lmsadmin] [Source: 172.24.201.123] [localport: 22] at 23:30:17 CEST Wed Sep 4 2013",45991,"cisco:ios",,,,,,,
"e7-bsw-01.statsbygg.pro",1378330214,1378330214,1,"Sep  4 23:30:14 e7-bsw-01.statsbygg.pro 1063: Sep  4 23:30:10.887 CEST: %SEC_LOGIN-5-LOGIN_SUCCESS: Login Success [user: lmsadmin] [Source: 172.24.201.123] [localport: 22] at 23:30:10 CEST Wed Sep 4 2013",46013,"cisco:ios",,,,,,,
"sbe-13860-13490-sw-01.eiendom.statsbygg.pro",1378330213,1378330214,1,"Sep  4 23:30:13 sbe-13860-13490-sw-01.eiendom.statsbygg.pro 8062: Sep  4 23:30:12.961 CEST: %SEC_LOGIN-5-LOGIN_SUCCESS: Login Success [user: lmsadmin] [Source: 172.24.201.123] [localport: 22] at 23:30:12 CEST Wed Sep 4 2013",46017,"cisco:ios",,,,,,,
"sbe-110-xxx-sw-01.eiendom.statsbygg.pro",1378310269,1378310270,1,"Sep  4 17:57:49 sbe-110-xxx-sw-01.eiendom.statsbygg.pro 135: .Sep  4 17:57:48.959: %DHCP-6-ADDRESS_ASSIGN: Interface Vlan1 assigned DHCP address 172.24.253.21, mask 255.255.255.0, hostname SBE-110-XXX-SW-01",69369,"cisco:ios",,,,,,,
"172.24.253.24",1378304190,1378304191,1,"Sep  4 16:16:30 172.24.253.24 131: .Sep  4 16:16:29.960: %DHCP-6-ADDRESS_ASSIGN: Interface Vlan1 assigned DHCP address 172.24.253.24, mask 255.255.255.0, hostname SBE-0b.1bc0",76463,"cisco:ios",,,,,,,
"172.24.253.25",1378303829,1378303830,1,"Sep  4 16:10:29 172.24.253.25 213: .Sep  4 16:10:28.920: %DHCP-6-ADDRESS_ASSIGN: Interface Vlan1 assigned DHCP address 172.24.253.25, mask 255.255.255.0, hostname SBE-a1.13c0",76901,"cisco:ios",,,,,,,
"172.24.253.20",1378298158,1378298158,1,"Sep  4 14:35:58 172.24.253.20 130: .Sep  4 14:35:57.492: %DHCP-6-ADDRESS_ASSIGN: Interface Vlan1 assigned DHCP address 172.24.253.20, mask 255.255.255.0, hostname SBE-e1.9540",84200,"cisco:ios",,,,,,,
"172.24.253.29",1378297369,1378297369,1,"Sep  4 14:22:49 172.24.253.29 131: .Sep  4 14:22:47.290: %DHCP-6-ADDRESS_ASSIGN: Interface Vlan1 assigned DHCP address 172.24.253.29, mask 255.255.255.0, hostname SBE-0b.2240",85309,"cisco:ios",,,,,,,
